-- phpMyAdmin SQL Dump
-- version 5.2.1
-- https://www.phpmyadmin.net/
--
-- Gép: 127.0.0.1
-- Létrehozás ideje: 2025. Ápr 03. 20:15
-- Kiszolgáló verziója: 10.4.32-MariaDB
-- PHP verzió: 8.2.12

SET SQL_MODE = "NO_AUTO_VALUE_ON_ZERO";
START TRANSACTION;
SET time_zone = "+00:00";


/*!40101 SET @OLD_CHARACTER_SET_CLIENT=@@CHARACTER_SET_CLIENT */;
/*!40101 SET @OLD_CHARACTER_SET_RESULTS=@@CHARACTER_SET_RESULTS */;
/*!40101 SET @OLD_COLLATION_CONNECTION=@@COLLATION_CONNECTION */;
/*!40101 SET NAMES utf8mb4 */;

--
-- Adatbázis: `topform`
--

-- --------------------------------------------------------

--
-- Tábla szerkezet ehhez a táblához `diet`
--

CREATE TABLE `diet` (
  `id` int(11) NOT NULL,
  `breakfast` longtext CHARACTER SET utf8mb4 COLLATE utf8mb4_bin DEFAULT NULL CHECK (json_valid(`breakfast`)),
  `lunch` longtext CHARACTER SET utf8mb4 COLLATE utf8mb4_bin DEFAULT NULL CHECK (json_valid(`lunch`)),
  `diner` longtext CHARACTER SET utf8mb4 COLLATE utf8mb4_bin DEFAULT NULL CHECK (json_valid(`diner`)),
  `dessert` longtext CHARACTER SET utf8mb4 COLLATE utf8mb4_bin DEFAULT NULL CHECK (json_valid(`dessert`)),
  `food_date` date NOT NULL DEFAULT current_timestamp()
) ENGINE=InnoDB DEFAULT CHARSET=utf8mb4 COLLATE=utf8mb4_hungarian_ci;

--
-- A tábla adatainak kiíratása `diet`
--

INSERT INTO `diet` (`id`, `breakfast`, `lunch`, `diner`, `dessert`, `food_date`) VALUES
(5, '[{\"Name\":\"fasz\",\"Portion\":\"10\",\"Calories\":20}]', '[{\"Name\":\"pina\",\"Portion\":\"30\",\"Calories\":10}]', '[]', '[]', '2025-03-25'),
(6, '[{\"Name\":\"fasz\",\"Portion\":\"10\",\"Calories\":20}]', '[{\"Name\":\"pina\",\"Portion\":\"30\",\"Calories\":10}]', '[]', '[]', '2025-03-25'),
(7, '[{\"Name\":\"alma\",\"Portion\":\"10\",\"Calories\":10}]', '[]', '[]', '[]', '2025-03-26'),
(8, '[{\"Name\":\"alma\",\"Portion\":\"10\",\"Calories\":10}]', '[]', '[]', '[]', '2025-03-26'),
(9, '[{\"Name\":\"fastz\",\"Portion\":\"10\",\"Calories\":10}]', '[]', '[]', '[]', '2025-03-26'),
(10, '[{\"Name\":\"fastz\",\"Portion\":\"10\",\"Calories\":10}]', '[]', '[]', '[]', '2025-03-26'),
(11, '[{\"Name\":\"fastz\",\"Portion\":\"10\",\"Calories\":10}]', '[]', '[]', '[]', '2025-03-26');

-- --------------------------------------------------------

--
-- Tábla szerkezet ehhez a táblához `muscle_groups`
--

CREATE TABLE `muscle_groups` (
  `id` int(11) NOT NULL,
  `name1` varchar(255) NOT NULL,
  `kg1` int(255) NOT NULL,
  `name2` varchar(255) NOT NULL,
  `kg2` int(255) NOT NULL,
  `name3` varchar(255) NOT NULL,
  `kg3` int(255) NOT NULL,
  `name4` varchar(255) NOT NULL,
  `kg4` int(255) NOT NULL,
  `date` date DEFAULT NULL
) ENGINE=InnoDB DEFAULT CHARSET=utf8mb4 COLLATE=utf8mb4_hungarian_ci;

--
-- A tábla adatainak kiíratása `muscle_groups`
--

INSERT INTO `muscle_groups` (`id`, `name1`, `kg1`, `name2`, `kg2`, `name3`, `kg3`, `name4`, `kg4`, `date`) VALUES
(15, 'Arm', 20, 'Chest', 20, 'Thigh', 20, 'Calf', 20, '2025-03-26'),
(16, 'Arm', 100, 'Chest', 100, 'Thigh', 100, 'Calf', 100, '0001-01-01'),
(17, 'Arm', 10, 'Chest', 20, 'Thigh', 30, 'Calf', 40, '2025-03-26');

-- --------------------------------------------------------

--
-- Tábla szerkezet ehhez a táblához `ranks`
--

CREATE TABLE `ranks` (
  `id` int(11) NOT NULL,
  `rank_name` varchar(255) NOT NULL,
  `points` int(255) NOT NULL
) ENGINE=InnoDB DEFAULT CHARSET=utf8mb4 COLLATE=utf8mb4_hungarian_ci;

--
-- A tábla adatainak kiíratása `ranks`
--

INSERT INTO `ranks` (`id`, `rank_name`, `points`) VALUES
(15, 'Beginner', 1600),
(16, 'Intermediate', 7157);

-- --------------------------------------------------------

--
-- Tábla szerkezet ehhez a táblához `users`
--

CREATE TABLE `users` (
  `id` int(11) NOT NULL,
  `username` varchar(255) NOT NULL,
  `email` varchar(255) NOT NULL,
  `password` varchar(512) NOT NULL,
  `ProfilePicture` blob DEFAULT NULL,
  `name` varchar(255) NOT NULL,
  `BirthDate` date NOT NULL,
  `men` tinyint(1) DEFAULT NULL
) ENGINE=InnoDB DEFAULT CHARSET=utf8mb4 COLLATE=utf8mb4_hungarian_ci;

--
-- A tábla adatainak kiíratása `users`
--

INSERT INTO `users` (`id`, `username`, `email`, `password`, `ProfilePicture`, `name`, `BirthDate`, `men`) VALUES
(16, 'adamka', 'adamka@gmail.com', '$2a$11$h2RtzTSk.PuvXym8PGdFaOgdLBtFYNeLhHSWUcnnjGjzGl5N2r.wy', 0xffd8ffe000104a46494600010100000100010000ffdb0084000906071313121513131316161517171d17181718171e1a1d181a191a1a1a1a1a181a1a1d2820181a251e1f1d22312125292b2e2e2e171f3338332d37282d2e2b010a0a0a0e0d0e1a10101a2d251f252d2d2d2d2b2d2d2d2d2d2d2d2f2d2d2d2b2d2d2d2e2d2d2d2d2d2d2d2d2d2d2d2d2d2d2d2d2d2d2d2d2d2d2d2d2d2d2d2d2dffc000110800c800fc03012200021101031101ffc4001c0000020301010101000000000000000000050603040702000108ffc400481000020102040304070506030605050000010203001104122131050641225161710713328191a1b1144252c1f02362728292d1b2c2e124335373d2f143a2a3b3e21516647483ffc4001a010003010101010000000000000000000000010203040506ffc400311100020201040102040405050000000000000102110312213141042251133261710581a1b1142391e1f13342c1d1f0ffda000c03010002110311003f00b5cb1009655894d98fc80d49f202b46e298af531aa47ed37623fdd1b3487caff001b564fc338cc984324b1aa90532b66076241b2904589b51de54e353621a6c4ce46721515545951555ec14127a9b9f13597939e38a17df0104e4e8b1cd112ae1644d6e5636bf5ed4809f7eb59c73571b796632c4ac335cb00f96db75ebd68df38f1c0e42a33064b230cbbe5075b9363599635bb66d9be26b9fc7c2e715297f9e79fea68e493a4108625fbd8563fc36fc8d5c55c3a0ccf162231dfdb03e37b52f2629976771efa3bcb90362e40b889d9631a8bae6048234200b15b5eb5cd708b949ecbeffdc6a48b1c1f87ae2e53eb649a3c381705b3b66f00d9485d35d6b42e5ee1586871d1451f11211a02c8088afdb5b58164d7a9f779d17e13c4156278e1c7e1cb64c91a1845f32922d65916f6036b52af357a4368f106278819218c425b2e512065473990b36517d85cf7f80e2c539659a7f675f9b57c0985f84609b0ca73e2448a2ead1fab5504a1fd9b2ba927417e9637a01cd3c6d24b80079d29712e70796fd9007701614184ef29d0d8753d056f0f0dda6f9e362fe246289b1b2a96caa2ec7600512c072d31c86507b4d6b03b0009d6dd6e288f2ff09516205d8eec77f21dc29b66c3e51081f8ff00235e943128adce49e572e05ec570b545b2285516d2867d94022e6dd68d732f198e2393da6fc2bd3cfba9231b8d795ae741dc36ad0c74d879f98963d23199b6f0f8f5a138ee2b34c7b6e6dd1468a3dd55162ab91c3458f64411444f75584c3778145f8470396727d5a8b0f6998d957cc9fcaf4c985e058583b5337ae61d3d98c7bb77f7e9e15964cd1872cd218e73e10afc33814b883fb288b0eac7b283cd8e9eede8fe0b93e24d6765761f7232727f335813e42d5ee33ce4146552a1068140b003c14694a38ce6c76b8451e75c92cb9727c8a91d30c38e1f33b19b99b0e8b877099107444005f51bf53efa48852c479d12c3f01c64f0c98a604451a172cc7283617b283ab7baa0c1614fad5b926e0defe16e9578bf97e96f764e57ab748d530b70a35e9f954f2c2194f9577878aeaba741f4aeb1319b77694901967346142ceb6ef35b472b7038235609181661adb5d6346d5b73b9dcd645ccc97997ceb69c1713821563248aa4e436bdc9fd947d06a6b496e919c790cac60509e6ec2993073a0dca587c4551c5f3a26d1464fef3f647c06a7e54366e373c9b9247e151947bfa91f1a122aecebd1df0f68a0895b7cd37ccc669c259157da603c3afc2967069392a91ab1d09b8ec817f685fdc34a31172ec9bbb81e0a2e7e269d0704cf8f5e83de74a80f10f11ee14620e090a8d5731b6edafcb6ab5861616b5b5e82d4e82ccef19c0a33108c106cc819c0dd9dd548df5cb7b5e95713c4930d0fab0e434aa0ab2b65cae05c83d773634c78ec77abc180ba1d0e87504321040ebaad6458dc7399f52dee35c6f0ff112b7c2656ad2bf20f4a7d612cce8cc772643afc4507e238245ed3007f86707e556fedee06e7de01fcaaef2570bfb54ef3ca0911101408432936fbc2e2f5d19e7f071b93e1110a6c1581e51c448a8e227224b98c064b90a198937371a0d29eb93f834c854e7c4440afac52d1a156522dbdb4ff4abbcc1c4f098509364c3caf1c8f68fd4b61da4430956218def6636b5b5f0a4d97d249f56914711554408b7726c06c2c7615c12d7e4438bfd97f7fa9ac693dc65e73c1b361fd416462b29944a0b06b966274bdbef5ab2dc6604a937398dfcc93f99a20fc71a6700dc5cea6fa0bf5a68e58e188087f69bf19ff28e9e7bd74f8be3cf1aae85972417028e0397dd9809015bae6cbd6da7c28961f05d00b01d29ab8d491c5202e428f5677fe214a388e39bac42d7fbc77f70af462a8e36dc98db1e361c32032b01a5c28d589eeb78d2b71fe6893106d19f5680e96f68f99e9eea06ca58dd8963de4d5858d474f9d36c69514446fde7df5f6eddff002a64c272fcac0330f54a7abdae47827b5f1b51f822c0e09448ead33960158a66b1fdd5f64799bd613cf08bae5fd0de38a5257d0b7c1797f1738cca8aa9ff00124baafbbab7b81a654e5e8a201a492e46a49165f254bdc8f16f8511e27cc002e648a490dba5b41f1d052e43c1f1fc41c85458941198b35ad7d45efaeddc2b9e5932e4dab4a358c31437bb64fc579b1231951eff00ae8068294b17c5a79b626d4dfcafe8cdf105b3b8540cca580b96cac54e5dada83a9f8575ccab85c1078570b9ad9409642d98ec7b208001ef006d4e18a11fab1cb24a42f703e49c662ecc887293fef1f45f89d4fb81a70e29e8d170b82966790bc8a05828b28b900def72da79508ffeebc5a01224f2a83a02c085bf758dd2fe629d66e6f4c6f099fd6158e60a10a936ceda105078d8e9d2d5adb327f5081833706934df043ff605657c2b09fb741bdd5ffcb5ac61b8a619786c713ca99e4c22288c37689315ad61a8eebd25700c2e49e320200cafa0173ec822eed763f103c2b0934b24537cdfe617b31a70f33655f2ae716cc46ff0a3387c08ca2fdd5d370f15ae90329e61c3b0910ef76d29bb82728e224d58641e3a1fef51736602cf15adedfe46b51889058788fa55374888c6d81b8672444b6323163dc34a3985e19147a2c6a3dd734422dabe193c0d51407e0c2ce7f8de89cee4136aa1c357f68de0ef4524651ab500712c8415f1a9aa378c1b1eeafa2407634c0c578adda2173a01a0f8566f8a5fdb8ad23171975000bf70a35e8ff912025b178b517425446fa05b0073383b9b10403a0bdfc9c5a8a33ddb32e7b5aa4e5ce370618620c803392a510c770c575b17bdd47eb5ad1b9ae7c014963c344849b9ceca0598f553607c85669c3b96bd648c27cc99b29461a68736b63b8d2b3c918e68384b8ffa1af43b05f18e61967725adeac312911bb2c77e8b7aa1f6c3f823fe8152f1bc0fa89de2cd9829d1bbc117aa36ab8c541698f05f3b97f86c65dc003aed4f6bc6a2c2c6145a497f083d95fe23f9567714e57636aed31447756b7b19ca2dbb0b715c449897f592ea7a01a051dc05431f0927a1f8d45171361b28f3abfcb4f34b8c85413da717b770373eea993a5638c5b7415c07255dc472ca51c8bac4833bff00302404d3bcf515d71ae5e97060490b4806a0b488036875cba9b7c8d851fe5fc648c27c40edb3ca5542a862157bc295bfc7c6999e59668123921cc24251ec97cac3d96ed38c83fabbab91e695d33ad608d0a337d8e0cbf6a690b3a860558963a777f7a01c2782e23173ab449288bd6028ce2c000d717f1d37da8e717e5ac2c78552b7f5cc97557935660355d7b8e96a3be8cf8440b878a698649d8809794ddb5201099ad73dd6ad1462b7460e527b362bf0ac1fa9e2a6398af681cd7ba8177d01b780dfade9ff009bb85c512afd9d0fad2ea1d51896119d7d8b9d09005eda5e93f8de142f1677f58d2005af9c6d945ca69b81b03dd6a6bc2478b9318d8c870ddb312a59af97a804136be9d3c3c6ada7b195adc0985e639700f8799adf669e592378edda8b2395bf8f52741d6ac737f1c8a56925fb33bc5165553d1f376832dc6dadfde281f14e579644c44aed9591cb139088d1b39cf9c91d9035d75a33cdd262a3648f0feafd4b61e275620dce6522c8545890509b9dc11dd59e58dc4dfc797a8ea464c5e064b232db5c8577cb622da768771efa8392b904e25245964318421ac3b4d76cc2c4edba9d05ea4e5ee3a644114bd8934cdb6e2f702de5f3ad5f967862c30dc7b52fed1cdad7247ebde4d6585bbae8df3a8e9b7c88bcb1caf875c2194a5e43007cc75b3156be5eeda84c1065930c7bcb0ffd227f2a7ae0b15f0c077c007f8c508c2f0200ab3bbbb20ecdc80174b68aa00bdbbef4e785cf2465ec72c5d46bdc330a683c85764022a4c2ad947954850574084be718f588feff00f95a9f50d8b75d47d29339b61cc505ed955e4f3c8bb786f4e90024b74dbe837a997038f2118b6af87cbad7d8b6af8078d50037877fbc7ff98d57b18b71543023f68dff0031be944defaeb401d0dbdd55204b03a75a9ddcd85aa3c463e28cd9e54436bd99c29b77d89da8011b9778524613153a831eb6bdb43d0d8ee4fca87f34733bcb3648a3511f86eddc5cf4f2a8f01c366c4a0ed92aba006e40d06dddd2af8e53c47465fe9a8c9becb72a1b0b1f612c4b100b58f90d361fde86712c74931c3165b7ec22f67f0ae6b9f3fef4ed8be03898f2dcaf68e51d9ebf1a4fe23e8ef892b0f523d628040cce06504deca3baa31c7d7aa41969c6a220732c81b10e7cbe4285537f16e40e2518f592619ac4db30656d4f91a191f2963185d70ce4785bfbd744f2c23bca497dd9118bad900abd47472b62ec4fd8e736dc852469e40d0f9b87489ed4522df6ccac3eab429c5ab4c7b95a17b1d76eb4e3cbf8c4803322832647bdf7237000e83a9f77752dc1c29df60011f89c2fc8d13e15819a38e63d9178c80c0ded665cc74d46959659c5ad365e34f558e1c2f17905a27c976b5cdb536b1bf8dec7c851de0b839cc6e7390e482c7b59572eb742643adfbd4022f7a40e5f88b6198b0391a4396fb90028bfc41f7de9c383f0dc9829dc172eca72e6626c05b617b6f5c7c49a3bb57a751173472de33153472224595333292c7517bea3a5f4dabbe4de54c5b4d1cc5e10892316517bf63536f7d68b814bc287bd07d2aaf2ca9f5325f4fdb49f0234aee5b2a3cd96eec0fc5f85b47c5f0acdeaf2ce642b95483a2fdfb9ed35cee2d5a3c7a335f4b0173f1a43e71932f11e1ad7eb20f90a33cd5c5720c8a7b44027c2db7bea9f44c7b3e636147c3e2a07b8137ad5b8b6d216b36a403bdeb3fe70cc208238dc0fb3c6b1a9640ecd90581be815ac4ea34fad31617165941be84d8f812011f5af989c206166171d41fd6f438daa2a32a76849e43c28690e76fda5c0ef2431d4ebb697adab81f1c49a01258afb400b1ed046650ca2d7b300187830de92303c32347475502c6da779d3e1fde99839b5ea230d2dbb2e59352aa03637989303848da44724a64ca05883773624e80f875bd0ce56e788f193342b0c8842e6bb5bc3436db7f9575cf9c220c461cbcf2345eacdf3a4664bdfb23322eada91af4f2bd277a208809b1367ce02a806c45f56d6c7515a24a8cb7e0d970ebd91e55315a8f0cbd91e5530148a15f9b63d986feae403cd96d47a7e3104248925443607293adac35b6f4179ea629872cbed5c05245ec49b034bdc6b96618b0aab292f3c9229321639ae133e86fee2c7a785801c6c9d54cd3f86e3a3956f1c8ae3ae537b79f754e5c5eb0fc26327c2319e292e114b64724e6502e54100924db4074f2deb5ee15c4d3110473a7b322861aedde3dc74aa71a12c967dc30b4adff30ff84d1191875a1b17fbd3ff0033fca6ade3198212a33358d85ed736dae76a543d4753bd9491d05eddf6afcf78b7fb4bbcf33677918b5cf41b2803a0000b0ad6b8aaf12920902c7127ecdad798b3eda0012202fe6d481c97c9e71b848e659c26e857b5d92a4e9beba58f4deaa3b19ced85a1e31241833eaf329f582ee2da02b6b58d0c879d316922b0c412bb58aadf6fe1a39cb5848e684a482eb981b5eda81a6d46a0e4ac0b48a4c37efbb36bf3ace2d5b46f28ca93fa14381732cd8b99118e7c87381d917b790d34bd3e7db64ff81ff9c7f6a111f2ee1b0ce8f044b1b16b1209d883a6a6a69f8cc48ed1bcca1b4d09efbdbe94deef6255a5b93f1496592274fb3ea469771a1e87dc696386b65853b26fadfc4d3c03d9bdfa6feeac9303c5266c6b46b8a804202d90d8937dc2d88d7c75af27f13c4e51b4fa7fba3af03e875e158b93295c800d75befa9e952f1c814a21dcdcea6bac047a0f36fad7ce2fec2dba5ea55ff094fda3ff0000fe75f98b788e23109de1f56094b176205866d401de4ebf0f2b81f484ecb003105546366200b9d09b6de15171ec60799c8196ed63adf55196f71e542b99b8806c32479af6935f729fef5a78be3e359d52deff00c9599b8e072fa1cf2b60bd6c4d12b0ba366507ef2bebfdfe54e50c1ea70b307b592371af5194d673c1b16d13a489ba80083b1161706db79f8534f17e6a59a168d63605c598b11603736b6a6fb74debd3cde1cbe2dc16cff43cfc3f8863f82e391eebf50bf21f30764e1a46b98ee509d4943d2fd72dc0f223ba86738f3262b06c618b22c4e0c8ae3da36dc5efd9b6836eb4070b218a68a5e99823f93680f97fa53e62397e0e231a972415525187ef650411d4682ab3dc33a5d323c392cbe2df71d8e39914cadc21cb5d8bbe63d4011e663ee00d0be62e2064790ea3ef0fe5d75f0035f8d16e6cc4ae070f869194c9eac3adf62332a8ba83a136d2d7ea695d389c13a1922901cbdab1dd6da10cbbd88b8eed28a345c167827145266536f654e86e74d2e41db7a65826cc0788acbf957141a492c2c245b2eb7d175b795f6bf4229db83f12b823aaff007b7d6982630c5702d6ea3eb4530725c116fd6b436736207ef0fad4dc36719ade36f89a4502f9aa590c1884849129288a468433cea01bf76bf0a4be1133e19833769a3760f6d9accc0edbf7d3ef12954ae28e55737ca88c6c1dd6c5506a3b4585b7ded48fc9d083888cc88b9bb6581d6cddab817bec74f7509bd4d75444fafb9a0f0be75c232a879046ddcc77f223f3b5138f8daba868a19a4045c1099411e7215a94f0f8668d4491a30b697034f23b8f752d72916c3e3b13812c5a303d6c57dc06ca6df323c725f726a92b13934c19e93b89ccb0c2c6168d7d6806eea493625410a4db51df48b8fe278c7603200065be737246840ef22d63a56c3cf1c313118492291822917ce74c85750deeb564fc7a4f5d828b0cca8b3c6d7123376254c96bc6e7463b686d6b74a35c57a7b138b7b8c5cbd8a2ce1310f8755d4894e18b35cdb7595ec8bb8be5e834a3381e1f8c9f06661267177b41916357552729508a0dcee01235a4fe55e1988c4a8832df29caed72c32f716f676d0ea49b78d6dd8048e189235bd916d7efef27c49d6a9aa2636c5be4ae6118c50c6c240e33802dbab8bd8ea36208e841a6c9d981d3bab30e52c488b8b62e21a299ddadfc40483fc46b4dfb5af71f85268a8bb475248405f1acf78dfa2f679de4c2e2ce1e391b398b21601cfb456ceb653bdba6bd2c03f4988536d1b4f0a93ed4bdc7e148ad8cb793e621d7b8820f9f4b0eb4e789e2b1462ecd974b8be84dbbab3ee57895decf3fa9cb628c080493a5bb5707fd68a6282cd23458ac6840b7b5b2213fb475b5eddca0ff003564f0a93b66abc871548618798e3770a432d985cb1040f81a5be60e594c6cb24c93bc722f6572805580077ea2fe75722e458085917133125810c1c6c7a8d2c6a86223961334293be92a25f424ab7675b8dc0d74ad5638dfa76329e6756d5834e2f1498097093ccf78c5b32920846d2d7ea06defacbb84c45a65417d5ac081723c401d6b57e39c2a57478e139a5991f576b0ca8e34ee06df5a42e0cf2b6230d2e511c79c461c697c96ce7bef6eb4da51ba1467a96e8db787f1e854c310f58ece4a8256d6206b9ef6cbf0aa7e94f1e570a91c6c0492b08d729d416207e7f2aa5cb523e2315895131fb34760083639dc5ee5f7b816ebd682e2f0ef3710481255be194cd98eb9981b2e6ef2413722b0c586318a55d22e791b651e2312ac8547b08728f24ec8bf9dbe759fa4ccd235c9caacc541fde37bfc2deeb53971ac6d8487ad893efa01cdb819209e28dd155becd15829bdc2a94049ef3975acbc2a53b67579bfe9e9477859855c49c5e95e3988d6fa6d7ef3e1de3c6ae61199b736af6a33b3e7f2f8ddd8db21070f278213f01714efc0f8d260f0f148e8594d92cb6d34cd7d77f67e75996358a615983139bb1f1201f95e9ab153face1be28d19f890b7f9d7079aff009b03b3f0a869c197ff0070893d3671d568b0d855df595f4e86d9078f5f8566fcbbc21a67771a2c40331b5f7bd86fa6818dff00768ffa589f36230de3858dff00aae3f2a27e8f212d81c5e5d19a445bfb869f0cdf1a75b1d4994707c3180fd96a56d751d46e197c48dc75a64e09862ae81c58b1171de6e0d8780ea7c6ab6070b982b2398ded6057eeb7de423aa13a8076d7c2af70860275cef9e4bd98dee05b60293206b97599078835c96082463b2e573e41813f215dc4b7981ee4d7ccd0fe6d6cb83c61ff00f1dbe618522cca395f989c637ed12ddeecce10b1b6624b05075cbdab533f28c85e78db624162074b8b9fad671c247ed63ebda5fa8ad279465549d7bb2d87cad54a0b7977546591fa92fa9b070e1fb35f2a55e303d5719c2c9d2684c67f91881ffb83e14d9c38de353e14a9e92064fb1e207fe1620027b83293fe255f8d111cf81978c0ec7bc7d6b2af493818d31785c88155a3cec00b2960a45ec34cdde7c056abc60de3bf91acefd26cdfb6c2a7410b37bcd97f2a70f989c9f28c9e8d52d856b7594ff85053549b1a5cf472bfec6a7be473f3b7e54c728de9cb9143e5465d2da2e3e7ba511b7c51a3fa815a5eb7d2b2fe7f6f55c430936d7054ff00fcd91c7c89ad38b9d32d27ba1ad9bfc890caddfd6bd8b4ed7baabcead7d2f5247988d6f7a2877b98b7a96656651ec26726f6b016ae386f09c4638bca994f6b52ed6d4f90efbd4a98bc90ccbb9922083fa813f2bd317a3ae21858d3d4b4bfb4720e520fb566245ed6b0a22037f01c2ca91a2cb94650aa1575db725b4bdfbad59d7a4cc598e69190d889975bdad990837efdeb45c6719c3c7bcca3f9869f3aca7d27e32394c8d1b0652d1ea0822f94f514eb7b41ec986b9a2f070ec2e590e730119cb59bb6158ebbebb7be91f8346509967ff7654b292fa02f7b58779b1d29bb1b3ac9c3f0992c64f559745b960aa3b241e97eb41b977873c9d89e0f5a1917d5a86000059ac48feaaaadccd3d80981e26f160f1115f2ace6265bfdf11bddb29bd878df7a61e40e6001de316cd206d4eea7215500f5000bd5be5f58a39f34b01591275057212aa824bf605ad6ca77a358ec1e10e2249a20a26f5f20d01174289adb6f6bea6b2ccf4c5fd8db0d4a693f702f31707b303f7586ba7e10589f803423d21e2da7c665ec12914718546b92b9730bb1037cd7205edb535f3af135820462a18b5d2c7f7918122f594fd8a59599b2ee6f76216e4ebd6b93c77a5a933bf3e29647512c1c235fb6351d2d60055ec0af6c0f7fc05eabac18955f6aea3a121ade5d6b98da5522417046a1975b7c3a79d7a31f2719c32fc37c99269a4178661242d1e650448240ac40cca770b7eb7034f114e9c2308b224b1c7ecbe1c051dcca0dbe60566b3e259d48d35d955156e7c940d6b42f4713f6955b4600a303e1fe95c7e56453a92e8ebf1bc39604e136b7de97f462dfa48ed0c0483ef61135f98fce8770ae69930b07a98c2599fd639617be802ec41522dd3bea0e66c53191e13722090c31f5b056750abdc34e94231903adb3ab269b32917b770236add3547328b09c9c766926336516fbc82eaa475bd88373df7fed4e7c038ae0642b9a178cdec6ed9901f06b81fd42b3143ff6effd7e757f869791d503117ebd001b9ad62a0d6e4cd3e8fd0b8137bb0d8d2c7a4fc695c1c88a09694a20005cd83166dba585bf9a87f2f63440a110e9e27527bcfebad3b72df1b8c17692ebd9bded7002dc9db5dbe959355c094ecfcf7c156d888c1fc6bb9f11f0a73e141bd7459770e3e1ad02e6ec41931d262bb2049316194e9941016fdc4803e746b87f118e298b33ad8374d74b9ab8f0ccf23b7166edc2efea97cbf3a0de90f0a1f87cf9891eac097417d6321fe1a6be17a1581f48f8258d4667247701f99a8b89fa41c2cb149118e52ae8c84d96d66047e2f1a95197b0e538fb87f0b89326022736b9896f6dae0007e77a43f4967fda30dffebff98d33f29ca0f0b00316c9996e45badf6b9d2953d254979e1b0be5c2826dad8176d4db61a538fcc4cdde3b1f79023ff6186c37ce7ff3b51e237a17c8ca570386d2d78ee4799268ab0372693e4b8af4a33ff483c28622c33e59118347a5c6ab66cde1f9fbeb9c0f3f4513ac72a31caa033a1ce2e058dc581f1b0cc682fa63e56798be32361fb08d44887f05fda53de09d41e9b771cb384c529932446e6d7201162341d74beb4f557d87f0f52fa9fa8b0bc6525459232aeadb153707a7c6fd2ac7af27716ac3795f99db09394cc863d33a67ca34d2e81cf65c6c46fa58f435b870e9e39e35962903a36a187d34d8d0dd846e3b7660f31ec0f215ee1f8546b319a38ce6dc920dbadb2a9d6a5c1e18c82da8d37b81f5a03895c8ccbdcc45c1bfcc6f5282873c4f06e16e3f6bc42f6ef603fcb54258f87c40a61b1703215b113173aea0db2c47a5257137ecd0814ae997a5491ade078860d0440e2e031a7fe1aac9a1b58e56c97d7c6acc5c7786472878e400052a406935d4916ec696b9f8d6395770bc2e691732464af7dc0f85ceb54dd8b4246a50f36619314d37da49899405882bf648b6a588ed6d5f30bc6a39e793d518cab4a65d983806354b5db7171736acd97814ff00840f36156f08b360c19ac2fb0b1bd8df42c3bbfd2a6714e2d1507a649af72ffa43e24cf3aa7dd4d00f1d2ff952d1949dcde89b24b8c899f216951c92556d9d580d05b4245b6ee3414dc6841046e0e958ac6e315b1d91f253934996d312c340c6de7563038a2186a77a16a6a681ec479d268eac5e43d482dc5d424a0a684aabe9d18f77bc5fdf46791f14f14e8ec58abbd8b11b9b74277e94afc4e7bc8c6fdc0790146388e1e40a862122e66fd8c5ab90a46a45f503cbbe9c61aa0d187979947327d6e39ae26083138c57281ccdeb4e62b719b31192e2fa29d75fbd55799389e1b144c4d9195402af7b10de1fbb6b027fb551830b89960be252379c1b46668f3b64dc8761b8b936076d685735f0fc3c02330ab2b95667ed1b023280141d85c9a4fc69573b99e1f3f0eaf96d7d3f715f190e4765bec7cfe63435de067cac48ded6a7ec1f27c12c5133b90d901360a0dd85cdceedeface08b1b1ad9271e4e694e391bd2a90c70711b6f73a6f7da9db91b8d5db2b9bae563af728b9f956671c9940504edaf9d34f254323b95442c1918682f60f643f0049f756bca39e4b4bb0df2be0b0491b4b888b342594234acb21d9bee2ec76d6df0d680736f006f5ef2e1c8f512c968c66d5495cc548e82f9ade0298b9b790fecb87699312e52320ac6cbb176553637d075b5ba52acdc56761185c9643d485bd86971717dcebe35cd0865535daecf47265f1678a5fed974ba2c43e8eb893a67484b03b5a44b9f8b8ae1791b8bc6432e1a6046a086048f831a78e07e90310b1047fb3291d6eed7f728ab527a429ba4d00f28643f5ae8d32679df1628ccf0b8ae290196043894ca6f2a286394900dd8006d7047c6a7c1f16c433cad887767f56b19cd70725ee148b0ecedbd344d8dcf2cf32f114496750187d9e416b050468a6fecef4278b71e8e19a506f299563cce8c42b0403282aeaa54822fe74274c6fd71691bc72c16383c31624b1863249dc92a09bd14b5665c95cfef2c6cb23c4c55bb25e4588e5eeed5b3116dfc4530e239d5501d2227c27423dfadfe17a865ae0a1e9078961e28b111ced6f5d085541ab3ebae51e1de74ac6b97f834b367658236544cce4e604851ad8875009dff00bd8d19e72c34d207c490f23d83bbbb02150fb3600e51d4845bd829bd3143cdd80c32c30e191658d8abcf7d4943a317bfb725bee9d000069b56739bda3156d8f8decc931202ca4c6d7d6e0efe241bef6dbc68b60399e58d32891975bd94000f8e8456958af45fc32572f0e2a4891802a82cc07933ea41f127ce93b9a790970f3648a76910a860dea99b7245af1823a75b1f0dab44c6d27c9ccc2d1862343d7cb7fd78d5fc272c48e81b320075ea77a81533e148045d0e603a9041b9f80fa51be48c7e783213ac672ff2eebf98f7504240bc6f2713941954066cb7c9b120e5fbdaddacbfcd49bc5f857a89de1be6ca010d6b5c100ed73df6f756c1c43b68501b136b37e12082185fa822e3ca907d2261f2e26292feda153e6a7ff90a2ca5b12705e4e8e48a3959d8e6018ae8078adf7b74a609b0c00b00001a00058003baaaf254e5b0d607d862bf1ed0fad129d75d6f4d92f706343e34179aa2260b0b6e09f21bfcc83e40d3218aaa711e1ab2ae57bdbbc1b1ff005f2346dd8b7e817c1f98228d446575f57907641018ea08d0ebe56bd57c5f2d7ae264cc6366274203767a5c022cdef34538670a8e11a0b9fc46d7fa5129982ac795433cb8848101be552f7259ada903b811d7baab265724a265870471cdca3d99e71de1430cc8a18b165cc4dadadc8d07baa96105cd3373fb42c6330b33052e84b285bec6e2c4e97befaed4b5821a9ae66d3568f5b04651c8a324472a92e4752c47ce8d60de549573c6e445f76c4e51d483b5beb43385ae69e3f1917fc55a39c3b1efadb14dc7838fc94a5cf764d88e2e2588851bd9af948d475b9ebe556717c3639a58b0291416307ae9f11226670b7d7d5b68545c696b6f540e14f5142f8f7139a078e5042e68248069ed2820fc6ec2dd3b3e75a4e6e724ce3f1b0470c5c558e188e0463d63b3c636d835877adf5f71358cf12872cd2ad8f65d86a3b98d6abca9c7a468c196c5b2a9420e9da2da9ee6d00f2bf7d21737481b1739ea5cdfc4f5353c9d10a5c009cea6b5df4310658e698f5b22fd4fe55923276878dbe62b74e46c17aac14609d58173efdbe4053e827d14b9d9de6bc65bb0594917df29bfd696bffa1c0d6006537d6cc4dfcee68ef3160c33137f9d005c00069a7462d5b0b60f9663e801f363f91a2b0f2cc7f823f813f5343f85a15d8da8d472b81b834b531a82f63e70ee5f8e294c8808620036d058770d87bab36e75e1d2498bc53246ec15c6aaa48b2a283a81e07e15a50e20ea68143c291a46397466b9173d7c2f47235b70679cbdc44c443285cc9723328604116d54e8dbfd29ef96f0588911de7e18922b2068995172b5f5b7698800dc1cd6d029efa4be6ee0c7038b2003eadc678ff85b75f35371f035a17a2de2692c6d86906664edc773ba13a8fe563f061dd4b95f62decf6ecab8ac1f1561932a451db288c344aaabb6500926d6acd71b857c2ced1b8d54db437057bc1d88f11dd5fa2e4c1c43645fe9148de93b9684b8533c63b70768802d78cfb5fd3ed7906a24c508d3a7d9f3d1db362a26884c15e2b5814cd78cfb2771b1b8fe9a25c578a478690c52e330eae0025723922fb5f29363d6de22b24e5fe35361d8bc2e51f294cc3f0b0f1eed0f981514b6cc7331662492dbdc9dcdc9d6fbde9d5ee52db661912b65b2b1171ad11e4dceb3fb24a302ad6b74d9b523af8f534370e2e29ab97d02af8dea43b1858f70a4df488b9a18dc0d524f80607f3029c51bbe81736e1d5f0930ea1736f7f6086fcaa4b01f21e26cd2a1245c0716f81fca99310e6fa6a291394e6cb321bfb4a57e57fca9d1a5f1aa641e2d5f33d44c7bbe5f9d7d2e3ae948449615578de65819d0d9e265990f73466e0fc091efa98b0ae3146278e48e5242b2117b662a6dd96cb7d6c75b54b29081c5b8889ae557202d9cadef663ed5bf76e4d877556c30ecb9ee5bfe5f9d19e17c0f0ef218db1273b1c91da370a4b68a5cb0046a46801f3a113466291e2cc8d6250b03d9ee36240d3c6d52e2764335cae5ed5fa6c10e4fc3e7c4a77282c7dc2c3e64568eab4a9c93c3f246663bbe8bfc20fe67e82999188aa8a39723b65b234da9439e4bac9877081e309eaf2b02cb9fd633906dd5815f3b1eea6b1369ad2f7186bbee7dd71f1aaa22c298249bd4a9c4c611dcb0081725914264000d8039ad6fad27f35f07955da6019a36398b5af94f5cd6d878d34f0ac1a15dbcbf57a37c2b0599f22c814d988bb586809b1fd77d3ba1479d8cd1b83366c3e525cca8842aa924165b85d2f736d7beb5ae5fc5ab408ab7250646074652a482195bb4a74ebdd596f0b48d9a669d8c2ce0147f565ca12da95551a12b6b1d3cc53b72c6370e5b24524e5d45d8caaa0c9af698106f722ca6fd141b5c5c3dc1fcc5ee2aa6fd2850bd17e2b3a5c9b9bd036c40beff003a44b0ae15c0dcd1046140a1c41eff008d5c5c4b7750161124575846ed5504c40ea48ab98391491ad0338f48bc0bed7822ca2f2c17912c352b6edafbc6b6ef5159372bf186c34d1ccba98daf6fc487465f7827e5dd5bfe16616dc567bcf3cbbc3ee654630ca6fd989432b1b6974b80baf5040d76a16ccaea99a0e0b8845888c4b148ac87ae602c7b98137523b8d472714c2a0225c4e1d41d08695751d4581d6bf3d8c2ca77889abf1f0aef8e5b78003e763f4aaa427b1cf17e19047349ea3108c81db27b5aa5f4b36b7d3a9b6d4d3ca1cc5c320c3fabc561c4b267273fa90f75205ae5f516d45869603bcd2da60a3ff864ff001c9ff485a2784e0aaeb7582122fd5e4ffae8aad81cd7656e1c74a64c04961bf5fd74a57e14fb532e1a422faec76fed503ec2ab375371e1b5fe15c48332953b30b74ea2df9d5412923f0fb81d7df5d44cdf78dc7869f43f2a0667dc2a431badf429258fb8ebf9d6812c7dd487c4e1cb899d7f7b37f56bf9d3de15cb448d6366507df6d68e81f257616af8cf6fd7f7a9e55155644ea0d023b8dedd2d5f27b15b36b7aab21b6ed55a6c628d06a68020c670e391da1cd9914be97ba85b76811ae9bd28f8d37438f757cf1c851c6c54fcac743e46f5d63b1d01b19387c25c000b89648c3586f912c2e7ce9b2a2d10f01e2ed932d9885b6636240e82e75b683c36a62c3f1253b8340f877324eb1361a38a08e07be74085ae4dac4972496161637d2d51c4ae351ad044b9d86a33a91bd08c5c41aa2c2ce75b9f8e96a9826b7140889448a2c2e05566c44aa7da6075d6fd0e847911a5a8a066b6f41f1a486d7e94c410c6718fb405fb4e16095c003d682f13900585cc6402478dfdd5372ee2c4527630618123569d895fe13974dfade824728eea62e0310f6b6bfca95515a825c555afde3f5b5029858ec47be8d63f37e2a12ea7c0d04347a19ed5797182a8c51f854f97f56a045a38af1ae92737e9548a0efae941ff00b5300b4f8f60842b1dbbc8bfce97f0f856964bb6be756b14e72db4dbbad5d70392cdada801af018748d4762d55789e2d329171b6ba55d77ece9eed69778b3ef73414c0f82e1f1c929b8ebd29b70dc1e20343614970359b427dd4c587c7b051773efd6989310b8323368a09a6fc070c96decec6e2e40fcf6acf629d9468c479123e95c9c531dd98f9927ea6a4d9c4d3db0417579e041dcf20fceabb4f844b96c743fc8337d2b376048d16b8fb3bfe1a2812410e33347f682e939950fde2a411724d803d053af2e714e1c9864f5c636945c66cbdbb5cdbc574d2b35921237ab58471940b12685ec36bb1f4715c3c8f921767bdec0a15d07891626a4945a94f823da746ca4004dcf81523f3a68c54808d0efb50d105392c6f54f1108b77771a9e46fd7d2a263fae94081ae8478d712b96dfceaebc7513277da9811e1c0144a1637ebf1aa8908eff001b55b4d0003f5df409971003b6f6ea75ab283c2a824c3afd6ac0c574d48f87fde9089e53e7dd40f1addadfe3464c80ee285e3d35d07f7a6840f14d1cbd28cb627e34b394d16e192db4a18c3f8d23a50a96f7a9a696aae6bf5229089909fd6956237aa8809a942eb6de802cbb8ea3e1fad2a2d0d70cbd3f5efa8883401db0344386a785ff005faf850e47371453053dada0d3e7fafce9822fcf181a8dfce97f88c84f951d9a4057c6826309ea0febeb42060fc3efb51742b6aa10efd35a2b878cda988cc70c2f52b45635eaf524743e4258282fe55764c38034bf8d7abd4198271b076855ac0c2b7d40dabd5ea077b056345d36dfc6ad4b2022c34af95ea422ab13f036a8d8eb5eaf500445abe05bdebd5ea607010d4d1a9f2fd6f5f6bd408972797bf4a9557e1dd6eb5eaf5211f3374b11dddf55a5737db43b75af57a98889b7f2ab186163dd5f2bd4260c27b8e9df55dd7c6f5eaf5023ec4e7bff003b558492bd5ea06761ee2be57abd480fa91eb7abd047f4b57daf50089265b01d9e9b83f0f0143e706fbebe35eaf50819cc2403a8abeb2822f635f2bd4c0fffd9, 'adamka', '2025-03-24', 0),
(17, 'fulike', 'fulop@gmail.com', '$2a$11$/QJ1W8x1/AAZUCmWMsOF..thbIHpn4G5hXHX0qFxmPBqIJ8jJb4zi', NULL, 'fulop', '2025-03-26', 0),
(18, 'asd', 'asd@gmail.com', '$2a$11$n4IoVtodha5SYgqANDCSW.2.gyMl0hIJryCrz13GR/rar/Hv5Vdka', NULL, 'fasz', '2025-03-26', 0);

-- --------------------------------------------------------

--
-- Tábla szerkezet ehhez a táblához `user_activity`
--

CREATE TABLE `user_activity` (
  `id` int(11) NOT NULL,
  `user_id` int(11) NOT NULL,
  `diet_id` int(11) DEFAULT NULL,
  `workout_id` int(11) DEFAULT NULL,
  `muscle_group_id` int(11) DEFAULT NULL,
  `ranks_id` int(11) DEFAULT NULL
) ENGINE=InnoDB DEFAULT CHARSET=utf8mb4 COLLATE=utf8mb4_hungarian_ci;

--
-- A tábla adatainak kiíratása `user_activity`
--

INSERT INTO `user_activity` (`id`, `user_id`, `diet_id`, `workout_id`, `muscle_group_id`, `ranks_id`) VALUES
(39, 16, 5, 39, 15, 16),
(40, 16, 6, 40, 15, 16),
(41, 16, 7, 41, 15, 16),
(42, 16, 8, 42, 15, 16),
(43, 16, 9, 43, 15, 16),
(44, 16, 10, 44, 15, 16),
(45, 16, 11, 45, 15, NULL),
(46, 17, NULL, NULL, 16, NULL),
(47, 18, NULL, NULL, 17, NULL);

-- --------------------------------------------------------

--
-- Tábla szerkezet ehhez a táblához `workouts`
--

CREATE TABLE `workouts` (
  `id` int(11) NOT NULL,
  `workout_data` longtext CHARACTER SET utf8mb4 COLLATE utf8mb4_bin DEFAULT NULL,
  `workout_date` date NOT NULL DEFAULT current_timestamp()
) ENGINE=InnoDB DEFAULT CHARSET=utf8mb4 COLLATE=utf8mb4_hungarian_ci;

--
-- A tábla adatainak kiíratása `workouts`
--

INSERT INTO `workouts` (`id`, `workout_data`, `workout_date`) VALUES
(39, '[{\"workoutDetails\":{\"exerciseName\":\"Chest fly\",\"weights\":[20],\"reps\":[10],\"sets\":[2]}},{\"workoutDetails\":{\"exerciseName\":\"Hammer curl\",\"weights\":[20],\"reps\":[10],\"sets\":[3]}}]', '2025-03-24'),
(40, '[{\"workoutDetails\":{\"exerciseName\":\"Lunge\",\"weights\":[56],\"reps\":[8],\"sets\":[3]}}]', '2025-03-25'),
(41, '[{\"workoutDetails\":{\"exerciseName\":\"Bicep curl\",\"weights\":[56,56,56],\"reps\":[8,8,8],\"sets\":[3]}}]', '2025-03-25'),
(42, '[{\"workoutDetails\":{\"exerciseName\":\"Chest fly\",\"weights\":[56],\"reps\":[8],\"sets\":[3]}}]', '2025-03-25'),
(43, '[{\"workoutDetails\":{\"exerciseName\":\"Bicep curl\",\"weights\":[56,48,12],\"reps\":[8,9,10],\"sets\":[3]}}]', '2025-03-25'),
(44, '[{\"workoutDetails\":{\"exerciseName\":\"Push-up\",\"weights\":[20,20,20],\"reps\":[10,10,10],\"sets\":[3]}},{\"workoutDetails\":{\"exerciseName\":\"Bench press\",\"weights\":[4,5,6],\"reps\":[1,2,3],\"sets\":[3]}}]', '2025-03-26'),
(45, '[{\"workoutDetails\":{\"exerciseName\":\"Leg press\",\"weights\":[100,200,100],\"reps\":[20,10,20],\"sets\":[3]}}]', '2025-03-27');

--
-- Indexek a kiírt táblákhoz
--

--
-- A tábla indexei `diet`
--
ALTER TABLE `diet`
  ADD PRIMARY KEY (`id`);

--
-- A tábla indexei `muscle_groups`
--
ALTER TABLE `muscle_groups`
  ADD PRIMARY KEY (`id`);

--
-- A tábla indexei `ranks`
--
ALTER TABLE `ranks`
  ADD PRIMARY KEY (`id`);

--
-- A tábla indexei `users`
--
ALTER TABLE `users`
  ADD PRIMARY KEY (`id`);

--
-- A tábla indexei `user_activity`
--
ALTER TABLE `user_activity`
  ADD PRIMARY KEY (`id`),
  ADD UNIQUE KEY `user_id_2` (`user_id`,`diet_id`,`workout_id`,`muscle_group_id`,`ranks_id`),
  ADD KEY `diet_id` (`diet_id`),
  ADD KEY `workout_id` (`workout_id`),
  ADD KEY `muscle_group_id` (`muscle_group_id`),
  ADD KEY `user_id` (`user_id`),
  ADD KEY `ranks_id` (`ranks_id`);

--
-- A tábla indexei `workouts`
--
ALTER TABLE `workouts`
  ADD PRIMARY KEY (`id`);

--
-- A kiírt táblák AUTO_INCREMENT értéke
--

--
-- AUTO_INCREMENT a táblához `diet`
--
ALTER TABLE `diet`
  MODIFY `id` int(11) NOT NULL AUTO_INCREMENT, AUTO_INCREMENT=12;

--
-- AUTO_INCREMENT a táblához `muscle_groups`
--
ALTER TABLE `muscle_groups`
  MODIFY `id` int(11) NOT NULL AUTO_INCREMENT, AUTO_INCREMENT=18;

--
-- AUTO_INCREMENT a táblához `ranks`
--
ALTER TABLE `ranks`
  MODIFY `id` int(11) NOT NULL AUTO_INCREMENT, AUTO_INCREMENT=17;

--
-- AUTO_INCREMENT a táblához `users`
--
ALTER TABLE `users`
  MODIFY `id` int(11) NOT NULL AUTO_INCREMENT, AUTO_INCREMENT=19;

--
-- AUTO_INCREMENT a táblához `user_activity`
--
ALTER TABLE `user_activity`
  MODIFY `id` int(11) NOT NULL AUTO_INCREMENT, AUTO_INCREMENT=48;

--
-- AUTO_INCREMENT a táblához `workouts`
--
ALTER TABLE `workouts`
  MODIFY `id` int(11) NOT NULL AUTO_INCREMENT, AUTO_INCREMENT=46;

--
-- Megkötések a kiírt táblákhoz
--

--
-- Megkötések a táblához `user_activity`
--
ALTER TABLE `user_activity`
  ADD CONSTRAINT `fk_user_activity_user_id` FOREIGN KEY (`user_id`) REFERENCES `users` (`id`) ON DELETE CASCADE ON UPDATE CASCADE,
  ADD CONSTRAINT `user_activity_ibfk_2` FOREIGN KEY (`diet_id`) REFERENCES `diet` (`id`) ON DELETE CASCADE ON UPDATE CASCADE,
  ADD CONSTRAINT `user_activity_ibfk_3` FOREIGN KEY (`workout_id`) REFERENCES `workouts` (`id`) ON DELETE CASCADE ON UPDATE CASCADE,
  ADD CONSTRAINT `user_activity_ibfk_5` FOREIGN KEY (`ranks_id`) REFERENCES `ranks` (`id`) ON DELETE SET NULL ON UPDATE CASCADE,
  ADD CONSTRAINT `user_activity_ibfk_6` FOREIGN KEY (`muscle_group_id`) REFERENCES `muscle_groups` (`id`) ON DELETE CASCADE ON UPDATE CASCADE;
COMMIT;

/*!40101 SET CHARACTER_SET_CLIENT=@OLD_CHARACTER_SET_CLIENT */;
/*!40101 SET CHARACTER_SET_RESULTS=@OLD_CHARACTER_SET_RESULTS */;
/*!40101 SET COLLATION_CONNECTION=@OLD_COLLATION_CONNECTION */;
